<?xml version="1.0" encoding="UTF-8"?>
<!DOCTYPE hibernate-configuration PUBLIC
        "-//Hibernate/Hibernate Configuration DTD 3.0//EN"
        "http://www.hibernate.org/dtd/hibernate-configuration-3.0.dtd">
<hibernate-configuration>
	<session-factory>
		<!-- Database connection settings -->
		<property name="connection.driver_class">com.mysql.cj.jdbc.Driver</property>
		<property name="connection.url">jdbc:mysql://localhost:3306/real_state</property>
		<property name="connection.username">realstateuser</property>
		<property name="connection.password">devadmin1</property>
		
		<!-- SQL dialect -->
		<property name="dialect">org.hibernate.dialect.MySQL5Dialect</property>
		
		<!-- Echo all executed SQL to stdout -->
		<property name="show_sql">true</property>
		
		<!-- mapping the entities -->
		
		<mapping class="com.kent.realstate.hibernate.entities.Home"/>
		<mapping class="com.kent.realstate.hibernate.entities.Portfolio"/>
	</session-factory>
</hibernate-configuration>